client_id,category,status

C001,exam_stress,allowed
C001,academic_concern,allowed
C001,sleep_difficulty,allowed

C002,academic_concern,allowed
C002,exam_stress,allowed

C003,exam_stress,allowed
C003,academic_concern,allowed
C003,family_information,restricted
C003,social_support,restricted

C004,academic_concern,allowed
C004,sleep_difficulty,allowed

C005,academic_concern,allowed
C005,social_support,allowed

C006,academic_concern,allowed
C006,ambiguous_statement,unknown

C007,safety_concern,allowed
C007,ambiguous_statement,restricted

C008,exam_stress,allowed
C008,sleep_difficulty,allowed

C009,academic_concern,allowed
C009,exam_preparation,allowed

C010,academic_concern,allowed
C010,study_routine,allowed

C011,exam_stress,allowed
C011,personal_information,unknown

C012,academic_concern,allowed