client_id,goal
C001,Improve sleep hygiene and evening routines.
C002,Establish active social support networks on campus.
C003,Set boundaries with family members regarding academic pressure.
C004,Set boundaries with family members regarding academic pressure.
C005,Set boundaries with family members regarding academic pressure.
C006,Improve sleep hygiene and evening routines.
C007,Improve sleep hygiene and evening routines.
C008,Establish active social support networks on campus.
C009,Establish active social support networks on campus.
C010,Improve sleep hygiene and evening routines.
C011,Improve sleep hygiene and evening routines.
C012,Develop healthy coping mechanisms for stress.
C013,Develop healthy coping mechanisms for stress.
C014,Set boundaries with family members regarding academic pressure.
C015,Develop healthy coping mechanisms for stress.
C016,Set boundaries with family members regarding academic pressure.
C017,Establish active social support networks on campus.
C018,Develop healthy coping mechanisms for stress.
C019,Establish active social support networks on campus.
C020,Improve sleep hygiene and evening routines.
C021,Improve sleep hygiene and evening routines.
C022,Create a realistic study timetable for exams.
C023,Improve sleep hygiene and evening routines.
C024,Develop healthy coping mechanisms for stress.
C025,Create a realistic study timetable for exams.
C026,Establish active social support networks on campus.
C027,Create a realistic study timetable for exams.
C028,Set boundaries with family members regarding academic pressure.
C029,Set boundaries with family members regarding academic pressure.
C030,Improve sleep hygiene and evening routines.
