client_id,action
C001,"Follow up on sleep and exam-stress management"
C002,"Review academic workload strategy"
C003,"Follow up on stress-management strategies"
C004,"Review time-management and sleep routine"
C005,"Discuss available social-support options"
C006,"Clarify ambiguous statement and conduct appropriate professional assessment"
C007,"Immediate human review and follow university safety escalation procedure"
C008,"Review sleep and relaxation strategies"
C009,"Review examination preparation plan"
C010,"Review study routine"
C011,"Confirm consent preferences before handover"
C012,"Clarify client goal during next session"